<?xml version="1.0" encoding="UTF-8"?>
<beans xmlns="http://www.springframework.org/schema/beans"
       xmlns:xsi="http://www.w3.org/2001/XMLSchema-instance"
       xmlns:context="http://www.springframework.org/schema/context"
       xmlns:mvc="http://www.springframework.org/schema/mvc"
       xsi:schemaLocation="http://www.springframework.org/schema/beans http://www.springframework.org/schema/beans/spring-beans-4.0.xsd
        http://www.springframework.org/schema/context http://www.springframework.org/schema/context/spring-context-4.0.xsd http://www.springframework.org/schema/mvc http://www.springframework.org/schema/mvc/spring-mvc.xsd">

    <!-- 使用注解的包，包括子集 -->
    <context:component-scan base-package="com.ssm.demo.controller"/>

    <!-- 文件上传 缺少此配置会报错 -->
    <bean id="multipartResolver"
          class="org.springframework.web.multipart.commons.CommonsMultipartResolver">
        <property name="maxUploadSize" value="5242880"/>
        <property name="defaultEncoding" value="UTF-8"/>
    </bean>

    <!-- Start: 配置json消息转换器 & 参数解析-->
    <bean id="objectMapper" class="com.fasterxml.jackson.databind.ObjectMapper">
        <property name="dateFormat">
            <bean class="java.text.SimpleDateFormat">
                <constructor-arg index="0" type="java.lang.String" value="yyyy-MM-dd HH:mm:ss"/>
            </bean>
        </property>
    </bean>
    <mvc:annotation-driven>
        <mvc:argument-resolvers>
            <bean class="com.ssm.demo.controller.handler.TokenToUserMethodArgumentResolver"/>
        </mvc:argument-resolvers>
        <mvc:message-converters register-defaults="true">
            <bean class="org.springframework.http.converter.json.MappingJackson2HttpMessageConverter">
                <property name="supportedMediaTypes">
                    <list>
                        <value>application/json; charset=UTF-8</value>
                    </list>
                </property>
                <property name="prettyPrint" value="true"/>
                <property name="objectMapper" ref="objectMapper"/>
            </bean>
        </mvc:message-converters>
    </mvc:annotation-driven>
    <!-- End: 配置json消息转换器 & 参数解析 -->

    <!-- 使用了<url-pattern>/</url-pattern>,所以要对静态资源进行处理 -->
    <mvc:default-servlet-handler/>

    <!-- 视图解析器 -->
    <bean id="viewResolver"
          class="org.springframework.web.servlet.view.InternalResourceViewResolver">
        <property name="prefix" value="/"/>
        <property name="suffix" value=".jsp"></property>
    </bean>

</beans>